FRAUD_ANALYSIS_ID,THRESHOLD,FALSE_POSITIVE_RATE,GRAND_TOTAL,FRAUD_DETECTION_RATE,PRECISION,ACCURACY,TOTAL_USD_FEES,TOTAL_FRAUD_LOSS,TOTAL_INVESTIGATION_COST,TOTAL_CUSTOMER_SUPPORT_COST,TOTAL_LOST_INTERCHANGE
b8c7017b-6620-4366-8435-fe1de2f51c5b,700.0,0.0356045655225732,-472577.64121312514,0.617195496417605,0.2562685932851679,0.9576284711139484,87993.7758196781,-481217.5270328038,-27325.2,-43787.25999999998,-8241.43
