FRAUD_ANALYSIS_ID,W1,W2,W3,FALSE_POSITIVE_RATE,GRAND_TOTAL,FRAUD_DETECTION_RATE,PRECISION,ACCURACY,USD_FEES,TOTAL_FRAUD_LOSS,TOTAL_INVESTIGATION_COST,TOTAL_CUSTOMER_SUPPORT_COST,TOTAL_LOST_INTERCHANGE
de74d4f4-1324-4806-b263-a65edaa44b36,0.0,0.0,0.0,0.035604565522573295,-35562.66168385339,0.617195496417605,0.2562685932851679,0.9576284711139483,79756.61115203566,-35965.38283588907,-27325.199999999993,-43787.259999999995,-8241.429999999998
801693bb-6073-4ee8-9b92-80de9b11d696,0.5,0.6,0.7,0.03826982157026307,-39065.33719714577,0.6182190378710338,0.24305835010060362,0.9550351101180977,79517.56439961997,-35916.47159676573,-28226.559999999998,-45916.2,-8523.670000000002
b9b67795-5b3d-4303-9e4c-c7eb4e84cec3,0.8,0.9,1.0,0.040996114015991535,-42550.27107192656,0.6212896622313203,0.2315026697177727,0.9524218001915097,79316.02234741671,-35860.93341934325,-29132.800000000003,-48068.94000000001,-8803.62000000001
