FRAUD_ANALYSIS_ID,THRESHOLD,W1,W2,W3,FALSE_POSITIVE_RATE,GRAND_TOTAL,FRAUD_DETECTION_RATE,PRECISION,ACCURACY,TOTAL_USD_FEES,TOTAL_FRAUD_LOSS,TOTAL_INVESTIGATION_COST,TOTAL_CUSTOMER_SUPPORT_COST,TOTAL_LOST_INTERCHANGE
4c81b44e-1874-43cc-bbb2-bec2712c4d33,700.0,0.0,0.0,0.0,0.0356045655225732,-35562.661683853905,0.617195496417605,0.2562685932851679,0.9576284711139484,79756.61115203536,-35965.382835889104,-27325.19999999998,-43787.26,-8241.43
