FRAUD_ANALYSIS_ID,THRESHOLD,FALSE_POSITIVE_RATE,TOTAL_COSTS,GRAND_TOTAL,TOTAL_USD_FEES,FRAUD_DETECTION_RATE,PRECISION,ACCURACY,TOTAL_FRAUD_LOSS,TOTAL_INVESTIGATION_COST,TOTAL_CUSTOMER_SUPPORT_COST,TOTAL_LOST_INTERCHANGE
9b0e4698-c821-469e-994f-c71f47904c7e,700.0,0.0356045655225732,-560571.4170328035,-472577.6412131259,87993.77581967831,0.617195496417605,0.2562685932851679,0.9576284711139484,-481217.5270328037,-27325.19999999997,-43787.26000000001,-8241.430000000008
