FRAUD_ANALYSIS_ID,W1,W2,W3,THRESHOLD,FALSE_POSITIVE_RATE,GRAND_TOTAL,FRAUD_DETECTION_RATE,PRECISION,ACCURACY,USD_FEES,TOTAL_FRAUD_LOSS,TOTAL_INVESTIGATION_COST,TOTAL_CUSTOMER_SUPPORT_COST,TOTAL_LOST_INTERCHANGE
6bcb4c16-4134-41ab-8d86-466518da5d2c,-8.073439239999999,0.48448749999999996,1.4017252999999998,550.0,0.1231714512420907,-131784.20753039446,0.7860798362333674,0.11257695690413369,0.8750598467922119,72518.45147467058,-19262.26900506499,-56223.029999999984,-112148.04000000005,-16669.319999999996
375da62d-f985-4650-85c4-de086bc0cabd,-8.073439239999999,0.48448749999999996,1.4017252999999998,600.0,0.08248051921629265,-83347.96410644506,0.7308085977482088,0.14974832214765102,0.913880466007022,76208.3444989925,-23750.65860543755,-42814.41999999999,-80341.86000000002,-12649.37
f01b7e9e-e9e1-4118-b0b9-7210675064e9,-8.073439239999999,0.48448749999999996,1.4017252999999998,650.0,0.05399686679823401,-52808.851323036375,0.6693961105424769,0.1977025392986699,0.9406120331950207,78433.28080896889,-30019.792132005285,-33342.32999999999,-57982.35,-9897.659999999996
