FRAUD_ANALYSIS_ID,THRESHOLD,FALSE_POSITIVE_RATE,GRAND_TOTAL,FRAUD_DETECTION_RATE,PRECISION,ACCURACY,TOTAL_USD_FEES,TOTAL_FRAUD_LOSS,TOTAL_INVESTIGATION_COST,TOTAL_CUSTOMER_SUPPORT_COST,TOTAL_LOST_INTERCHANGE
6c1e6133-b975-4bfd-9873-8ea716f88d9a,700.0,0.0356045655225732,-35562.6616838538,0.617195496417605,0.2562685932851679,0.9576284711139484,79756.6111520354,-35965.382835889075,-27325.19999999999,-43787.26000000003,-8241.430000000008
