FRAUD_ANALYSIS_ID,THRESHOLD,FALSE_POSITIVE_RATE,TOTAL_COSTS,GRAND_TOTAL,TOTAL_USD_FEES,FRAUD_DETECTION_RATE,PRECISION,ACCURACY,TOTAL_FRAUD_LOSS,TOTAL_INVESTIGATION_COST,TOTAL_CUSTOMER_SUPPORT_COST,TOTAL_LOST_INTERCHANGE
f2e273f9-5d8e-43bc-b99a-5a835e419a66,700.0,0.0356045655225732,-560571.4170328039,-472577.6412131268,87993.77581967821,0.617195496417605,0.2562685932851679,0.9576284711139484,-481217.5270328037,-27325.199999999983,-43787.26000000002,-8241.429999999998
