FRAUD_ANALYSIS_ID,THRESHOLD,FALSE_POSITIVE_RATE,GRAND_TOTAL,FRAUD_DETECTION_RATE,PRECISION,ACCURACY,TOTAL_USD_FEES,TOTAL_FRAUD_LOSS,TOTAL_INVESTIGATION_COST,TOTAL_CUSTOMER_SUPPORT_COST,TOTAL_LOST_INTERCHANGE
3199b3e9-e214-4827-be62-8e58fa090214,700.0,0.0356045655225732,-35562.66168385376,0.617195496417605,0.2562685932851679,0.9576284711139484,79756.61115203534,-35965.382835889075,-27325.199999999983,-43787.25999999998,-8241.430000000002
