FRAUD_ANALYSIS_ID,THRESHOLD,FALSE_POSITIVE_RATE,TOTAL_COSTS,GRAND_TOTAL,TOTAL_USD_FEES,FRAUD_DETECTION_RATE,PRECISION,ACCURACY,TOTAL_FRAUD_LOSS,TOTAL_INVESTIGATION_COST,TOTAL_CUSTOMER_SUPPORT_COST,TOTAL_LOST_INTERCHANGE
37798a9a-1288-40ab-8f19-841c5b760aad,845.0,0.0055136212894956,-397464.273510859,-310466.92516029906,86997.34835056067,0.6499488229273286,0.7008830022075055,0.9877713054580276,-357442.7335108589,-16654.21,-18728.76,-4638.570000000001
