FRAUD_ANALYSIS_ID,W1,W2,W3,THRESHOLD,FALSE_POSITIVE_RATE,GRAND_TOTAL,FRAUD_DETECTION_RATE,PRECISION,ACCURACY,USD_FEES,TOTAL_FRAUD_LOSS,TOTAL_INVESTIGATION_COST,TOTAL_CUSTOMER_SUPPORT_COST,TOTAL_LOST_INTERCHANGE
d7c60e2f-9e29-426f-b42d-78d188accbf5,0.0,0.0,0.0,700.0,0.0356045655225732,-35562.66168385334,0.617195496417605,0.2562685932851679,0.9576284711139484,79756.61115203574,-35965.38283588908,-27325.200000000004,-43787.25999999999,-8241.43
