FRAUD_ANALYSIS_ID,THRESHOLD,W1,W2,W3,FALSE_POSITIVE_RATE,GRAND_TOTAL,FRAUD_DETECTION_RATE,PRECISION,ACCURACY,TOTAL_USD_FEES,TOTAL_FRAUD_LOSS,TOTAL_INVESTIGATION_COST,TOTAL_CUSTOMER_SUPPORT_COST,TOTAL_LOST_INTERCHANGE
fb5125d4-e894-418f-9b52-fbc81875998b,700.0,0.0,0.0,0.0,0.0356045655225732,-35562.66168385377,0.617195496417605,0.2562685932851679,0.9576284711139484,79756.6111520352,-35965.382835889075,-27325.200000000004,-43787.26000000002,-8241.43
