FRAUD_ANALYSIS_ID,THRESHOLD,FALSE_POSITIVE_RATE,GRAND_TOTAL,FRAUD_DETECTION_RATE,PRECISION,ACCURACY,TOTAL_USD_FEES,TOTAL_FRAUD_LOSS,TOTAL_INVESTIGATION_COST,TOTAL_CUSTOMER_SUPPORT_COST,TOTAL_LOST_INTERCHANGE
2ce90cb6-b0da-4a26-9ecf-d2ded6469508,700.0,0.0356045655225732,-35562.66168385338,0.617195496417605,0.2562685932851679,0.9576284711139484,79756.61115203571,-35965.38283588907,-27325.19999999996,-43787.26000000002,-8241.429999999997
