FRAUD_ANALYSIS_ID,THRESHOLD,FALSE_POSITIVE_RATE,GRAND_TOTAL,FRAUD_DETECTION_RATE,PRECISION,ACCURACY,TOTAL_USD_FEES,TOTAL_FRAUD_LOSS,TOTAL_INVESTIGATION_COST,TOTAL_CUSTOMER_SUPPORT_COST,TOTAL_LOST_INTERCHANGE
50fc7e8f-a3a3-4b28-a238-488f9969014f,700.0,0.0356045655225732,-35562.661683853854,0.617195496417605,0.2562685932851679,0.9576284711139484,79756.61115203523,-35965.38283588907,-27325.19999999999,-43787.26000000003,-8241.429999999997
