FRAUD_ANALYSIS_ID,THRESHOLD,W1,W2,W3,FALSE_POSITIVE_RATE,GRAND_TOTAL,FRAUD_DETECTION_RATE,PRECISION,ACCURACY,TOTAL_USD_FEES,TOTAL_FRAUD_LOSS,TOTAL_INVESTIGATION_COST,TOTAL_CUSTOMER_SUPPORT_COST,TOTAL_LOST_INTERCHANGE
4f0126c2-8ead-450a-99cb-3eea5b71d611,700.0,0.0,0.0,0.0,0.0356045655225732,-35562.66168385373,0.617195496417605,0.2562685932851679,0.9576284711139484,79756.61115203548,-35965.38283588907,-27325.2,-43787.26,-8241.430000000002
